0,3.1
1,4
2,5
3,5.2
4,4
5,3.8
6,3.8
7,4.1
8,4.2
9,4.4
10,5.1
11,5.9
12,6.5
13,7.1
14,7.9
15,8
16,7.6
17,8.9
18,8.7
19,9
20,9.1
21,9
22,9.3
23,9.6
24,9.6
25,8.8
26,6.7
27,2.8
28,3.9
29,2.1
30,3.7
31,5.6
32,7.4
33,9.9
34,11.1
35,10.6
36,10.9
37,11.6
38,11.5
39,12
40,13
41,13.1
42,13.5
43,12.7
44,10.2
45,8.7
46,8.4
0,9.6
1,8.8
2,6.7
3,2.8
4,3.9
5,2.1
6,3.7
7,5.6
8,7.4
9,9.9
10,11.1
11,10.6
12,10.9
13,11.6
14,11.5
15,12
16,13
17,13.1
18,13.5
19,12.7
20,10.2
21,8.7
22,8.4
23,7.5
24,6.9
25,5.8
26,4.7
27,3.5
28,2.6
29,2.5
30,2.4
31,5.8
32,7.7
33,10.2
34,12.4
35,14.1
36,15.3
37,16.7
38,18
39,19.1
40,19.9
41,19.6
42,19.4
43,17.3
44,16.3
45,14.6
46,11.7
0,6
1,6.2
2,6.4
3,5.7
4,6.5
5,8.1
6,8
7,8.3
8,8
9,8.1
10,7.8
11,8.2
12,10.8
13,12
14,11.7
15,11.4
16,11.6
17,11.9
18,10.8
19,9.1
20,7.5
21,5.9
22,4.4
23,5.3
24,3.1
25,4
26,5
27,5.2
28,4
29,3.8
30,3.8
31,4.1
32,4.2
33,4.4
34,5.1
35,5.9
36,6.5
37,7.1
38,7.9
39,8
40,7.6
41,8.9
42,8.7
43,9
44,9.1
45,9
46,9.3
47,9.6
0,1.3
1,0.4
2,0
3,-1
4,-1.4
5,-1.7
6,-0.1
7,2.8
8,6.2
9,8.8
10,10.8
11,12.2
12,12.1
13,12.4
14,12.9
15,13.8
16,12.3
17,11.8
18,11.5
19,11.3
20,10.6
21,9.6
22,8.5
23,7.9
24,8
25,8
26,7.6
27,7
28,7
29,6
30,6
31,6
32,6.8
33,7
34,7
35,8
36,8
37,9
38,9.9
39,10
40,10
41,10
42,10
43,11
44,9.4
45,6
46,5
47,4
0,6
1,6.2
2,6.4
3,5.7
4,6.5
5,8.1
6,8
7,8.3
8,8
9,8.1
10,7.8
11,8.2
12,10.8
13,12
14,11.7
15,11.4
16,11.6
17,11.9
18,10.8
19,9.1
20,7.5
21,5.9
22,4.4
23,5.3
24,3.1
25,4
26,5
27,5.2
28,4
29,3.8
30,3.8
31,4.1
32,4.2
33,4.4
34,5.1
35,5.9
36,6.5
37,7.1
38,7.9
39,8
40,7.6
41,8.9
42,8.7
43,9
44,9.1
45,9
46,9.3
47,9.6
0,1.3
1,0.4
2,0
3,-1
4,-1.4
5,-1.7
6,-0.1
7,2.8
8,6.2
9,8.8
10,10.8
11,12.2
12,12.1
13,12.4
14,12.9
15,13.8
16,12.3
17,11.8
18,11.5
19,11.3
20,10.6
21,9.6
22,8.5
23,7.9
24,8
25,8
26,7.6
27,7
28,7
29,6
30,6
31,6
32,6.8
33,7
34,7
35,8
36,8
37,9
38,9.9
39,10
40,10
41,10
42,10
43,11
44,9.4
45,6
46,5
47,4
0,6
1,6.2
2,6.4
3,5.7
4,6.5
5,8.1
6,8
7,8.3
8,8
9,8.1
10,7.8
11,8.2
12,10.8
13,12
14,11.7
15,11.4
16,11.6
17,11.9
18,10.8
19,9.1
20,7.5
21,5.9
22,4.4
23,5.3
24,3.1
25,4
26,5
27,5.2
28,4
29,3.8
30,3.8
31,4.1
32,4.2
33,4.4
34,5.1
35,5.9
36,6.5
37,7.1
38,7.9
39,8
40,7.6
41,8.9
42,8.7
43,9
44,9.1
45,9
46,9.3
47,9.6
0,9.6
1,7.5
2,5.5
3,3.2
4,2.7
5,2.4
6,2.6
7,2.8
8,2.9
9,4.1
10,4.6
11,5
12,6.1
13,6.6
14,8.4
15,7.9
16,9.7
17,8.6
18,8.5
19,8
20,7.5
21,5.1
22,3.3
0,9.6
1,7.5
2,5.5
3,3.2
4,2.7
5,2.4
6,2.6
7,2.8
8,2.9
9,4.1
10,4.6
11,5
12,6.1
13,6.6
14,8.4
15,7.9
16,9.7
17,8.6
18,8.5
19,8
20,7.5
21,5.1
22,3.3
23,1.8
24,1.3
25,0.4
26,0
27,-1
28,-1.4
29,-1.7
30,-0.1
31,2.8
32,6.2
33,8.8
34,10.8
35,12.2
36,12.1
37,12.4
38,12.9
39,13.8
40,12.3
41,11.8
42,11.5
43,11.3
44,10.6
45,9.6
46,8.5
47,7.9
48,8
49,8
50,7.6
51,7
52,7
53,6
54,6
55,6
56,6.8
57,7
58,7
59,8
60,8
61,9
62,9.9
63,10
64,10
65,10
66,10
67,9
68,9.4
69,6
70,5
71,4
72,3
73,3
74,2
75,1
76,1
77,2
78,2
79,5
80,5.9
81,8
82,8
83,9
84,10
85,10
86,9
87,9
88,9
89,10
90,9
91,8
92,7.9
93,7
94,6
95,5
96,3
97,2
98,2.7
99,2
100,1
101,1
102,1
103,6
104,8.5
105,11
106,13
107,14
108,15
109,16
110,15.9
111,17
112,17
113,17
114,17
115,15
116,15
117,9
118,9
119,7
120,6
121,5
122,4.9
123,4
124,4
125,5
126,5
127,9
128,10.7
129,15
130,16
131,18
132,17
133,17
134,16.8
135,17
136,17
137,18
138,17
139,16
140,15.6
141,11
142,9
143,9
144,8
145,7
146,6.7
147,5
148,5
149,4
150,5
151,11
152,13.6
153,16
154,18
155,19
156,19
157,20
158,20.8
159,21
160,21
161,22
162,21
163,19
164,18.5
165,15
166,15
167,12
168,11
169,10
170,9.3
171,8
172,8
173,8
174,8
175,13
176,14.9
177,19
178,20
179,21
180,23
181,23
182,23.8
183,24
184,23
185,23
186,21
187,21
188,18.4
189,17
190,17
191,16
0,4.7
1,4.4
2,4
3,3.5
4,3.2
5,2.5
6,1.8
7,1.9
8,0.9
9,2.8
10,3.1
11,3.2
12,3.4
13,3.5
14,3.5
15,2.6
16,1.1
17,0.7
18,0.3
19,0
20,-0.3
21,0.1
22,-0.6
23,-0.8
24,-1.3
25,-1.3
26,-2.4
27,-2.4
28,-0.7
29,-1
30,-0.8
31,-2.4
32,-3
33,-1.9
34,-0.1
35,1.2
36,3.3
37,4.3
38,4.8
39,3.4
40,2.1
41,-0.4
42,-0.9
43,-2
44,-2.6
45,-3.2
46,-3.6
47,-4
48,-4.6
49,-5.3
50,-5.9
51,-5.6
52,-6
53,-5.9
54,-6
55,-5.7
56,-5.6
57,-3.4
58,-0.5
59,1.5
60,3.3
61,4.6
62,5.7
63,4.9
64,3.5
65,2.8
66,2
67,1.7
68,0.4
69,1.7
70,1.7
71,3.8
72,5.9
73,5.5
74,5.3
75,4.9
76,5.7
77,5.7
78,4.8
79,4.6
80,4.7
81,4.4
82,4.4
83,4.3
84,4.7
85,4.4
86,4.2
87,4.2
88,3
89,2.5
90,1.8
91,1.8
92,2.1
93,1.9
94,1.5
95,1.4
96,1.5
97,1.4
98,1.6
99,2
100,1.8
101,1.6
102,1.5
103,1.4
104,1.1
105,0.9
106,0.9
107,1.4
108,1.8
109,1.7
110,1.4
111,1.5
112,0.7
113,-0.1
114,-0.7
115,-1.1
116,-1.7
117,-2.6
118,-2.5
119,-2.8
120,-4.3
121,-4.3
122,-3.7
123,-3.3
124,-3.5
125,-3.1
126,-3.1
127,-2.9
128,-2.6
129,-1.9
130,-0.9
131,0
132,0.7
133,1.6
134,1.5
135,1.7
136,1.1
137,1.2
138,0.9
139,0.6
140,0.4
141,0
142,-1.1
143,-2.1
144,-3.2
145,-3.9
146,-4.4
147,-5.2
148,-5.7
149,-5.3
150,-6.1
151,-6.2
152,-6.4
153,-4.8
154,-1.8
155,-0.2
156,0.7
157,2.4
158,2.8
159,2.5
160,1
161,-1
162,-0.8
163,0.6
164,0.4
165,0.4
166,0.7
167,0.9
168,0.9
169,0.8
170,1
171,0.9
172,0.6
173,0.3
174,0.2
175,0.2
176,0.4
177,0.9
178,2.3
179,3.8
180,5.3
181,5.8
182,5.4
183,4.7
184,3.3
185,2.6
186,2.5
187,2.4
188,2.7
189,2.1
190,2.2
191,2.3
192,2.8
193,2.9
194,2.9
195,3.3
196,3.2
197,3.2
198,3.2
199,3.3
200,3.2
201,3.3
202,3.7
203,4.7
204,5.3
205,6.2
206,6.4
207,6.2
208,5.8
209,5.3
210,5.1
211,5.1
212,5
213,4.7
214,3.9
215,4.2
216,3.9
217,3
218,2.7
219,2.5
220,1.6
221,0.4
222,0.6
223,1.3
224,1.5
225,1.9
226,2.9
227,3.8
228,5.4
229,6.8
230,7.1
231,6.7
232,6.1
233,5.8
234,5.1
235,5.1
236,5.3
237,5.6
238,5.6
239,5.3
240,5.6
241,6.2
242,6.2
243,6.5
244,5.7
245,3.8
246,4.4
247,4.8
248,4.7
249,4.6
250,4.4
251,4.5
252,4.1
253,4.2
254,4
255,4
256,4
257,3
258,3.2
259,3
260,3
261,3.1
262,2.9
263,2.7
264,2.4
265,2.1
266,2
267,2
268,2
269,2
270,2.1
271,1.6
272,-0.5
273,0.2
274,2.7
275,3.6
276,4.8
277,5.2
278,6.2
279,5.8
280,4.2
281,3
282,1.8
283,1.8
284,2.2
285,2.3
286,3.1
287,2.1
288,1.2
289,1.6
290,0.8
291,0.8
292,0.3
293,1.5
294,2.2
295,3.4
296,3.3
297,3
298,3.9
299,4.7
300,5.3
301,6.1
302,6
303,5.8
304,4.9
305,4.2
306,3.6
307,2.9
308,2.1
309,1.4
310,1
311,2
312,1.3
313,0.7
314,-0.3
315,-1.3
316,-2.6
317,-2.1
318,-3.6
319,-2.9
320,-2
321,-2.7
322,-1.8
323,-0.8
324,0.2
325,1.1
326,1.6
327,0.8
328,0
329,-0.8
330,-1.4
331,-2.7
332,-3.2
333,-3.2
334,-2.8
335,-3
336,-2.8
337,-2.3
338,-1.9
339,-3
340,-2.9
341,-3.3
342,-3.5
343,-3.5
344,-3.5
345,-1.2
346,0.5
347,2.1
348,4.2
349,5.9
350,6
351,6.8
352,4.1
353,1.6
354,0.2
355,-0.6
356,-1.3
357,-1.7
358,-2
359,-2.5
360,-2.9
361,-3.3
362,-3.1
363,-3.7
364,-2.9
365,-3.1
366,-2
367,-1.4
368,-1.1
369,0
370,0.5
371,1.4
372,2
373,2.5
374,3.2
375,3.7
376,2.8
377,1.2
378,0.6
379,0.8
380,0
381,-1.2
382,-1.3
383,-2.1
384,-2.7
385,-3.2
386,-4
387,-4.1
388,-4.4
389,-4.5
390,-2.2
391,-2.3
392,-2.1
393,-1.6
394,-1.2
395,-1.3
396,-0.4
397,0.2
398,0.8
399,0.8
400,0.7
401,0.3
402,-0.1
403,-0.3
404,-0.4
405,-0.7
406,-1
407,-1.3
408,-1.8
409,-2.4
410,-2.4
411,-3
412,-3.3
413,-4.1
414,-3.3
415,-2.4
416,-3
417,-1.4
418,0.4
419,1.9
420,2
421,2
422,1.7
423,1.5
424,1.4
425,1.5
426,1.2
427,0.8
428,0.7
429,0.4
430,0.3
431,0.3
432,0.3
433,0.3
434,0.3
435,0.4
436,0.5
437,0.6
438,0.6
439,0.8
440,1.2
441,1.2
442,1.4
443,2.5
444,3.1
445,3.6
446,3.4
447,3.7
448,3.5
449,3.6
450,3.6
451,3.4
452,3.5
453,3.4
454,3.1
455,2.8
456,2.7
457,2.7
458,2.6
459,2.4
460,2.1
461,2.2
462,2
463,1.6
464,1
465,0.2
466,1.3
467,2.3
468,3.1
469,3.4
470,3.3
471,2.9
472,2.4
473,2.5
474,2.3
475,2.1
476,1.8
477,1.8
478,1.8
479,1.6
480,1.5
481,1.3
482,0.9
483,1.1
484,0.5
485,0.2
486,0.2
487,-1.2
488,-0.9
489,0.5
490,1.5
491,2.7
492,3.5
493,3.9
494,4.4
495,4.2
496,2.8
497,1.6
498,1.2
499,0.6
500,-0.1
501,-0.4
502,-0.3
503,-0.5
504,-0.5
505,-1.7
506,-1.1
507,-1.3
508,-1.3
509,-1.5
510,-1.7
511,-1.5
512,-1.6
513,-0.6
514,2.1
515,1.4
516,1.4
517,0.3
518,-0.3
519,-0.1
520,0.1
521,0.1
522,0.2
523,0.3
524,0.3
525,0.6
526,0.7
527,1
528,0.6
529,0.9
530,0.2
531,-0.9
532,-0.8
533,-0.9
534,-0.6
535,-1
536,-1.2
537,0.4
538,0.7
539,1.1
540,2.5
541,3.2
542,2.9
543,2.9
544,1.9
545,-0.1
546,-0.3
547,-1.3
548,-2
549,-3
550,-3.6
551,-3.6
552,-4.4
553,-5.1
554,-5.2
555,-6
556,-6.6
557,-5.6
558,-6.6
559,-6.1
560,-6.3
561,-4
562,-0.2
563,1
564,2.5
565,3.6
566,4.4
567,4.3
568,2.2
569,0.3
570,-0.7
571,-0.9
572,-0.8
573,-0.9
574,-1.1
575,-1.5
576,-2.8
577,-2.6
578,-3.3
579,-4.7
580,-4.9
581,-4.4
582,-4.5
583,-4.5
584,-4.4
585,-3.2
586,-1.3
587,0
588,1.5
589,2.8
590,3.3
591,2.9
592,1.5
593,0
594,-1.5
595,-2.6
596,-2.3
597,-3.5
598,-2.6
599,-2.5
600,-2.5
601,-2.6
602,-2.6
603,-2.3
604,-2.4
605,-2.5
606,-2.5
607,-2.5
608,-2.5
609,-2.4
610,-2.1
611,-1.4
612,-0.6
613,0.7
614,0.6
615,1.3
616,0.5
617,-0.3
618,-1.1
619,-1.3
620,-1.2
621,-1.6
622,-2.1
623,-2.1
624,-2.5
625,-2.5
626,-3.2
627,-2.9
628,-4.4
629,-3.8
630,-3.8
631,-3.3
632,-3.3
633,-1.8
634,-0.5
635,1
636,2.9
637,3.7
638,4.2
639,4.2
640,3.4
641,2.1
642,0.5
643,-0.5
644,-1.4
645,-2.2
646,-2.2
647,-2.8
648,-3.4
649,-3.1
650,-3.9
651,-4.2
652,-4.2
653,-3.7
654,-3.4
655,-2.4
656,-0.9
657,0.3
658,1.2
659,1.6
660,2.8
661,3.8
662,4.6
663,4.9
664,4.1
665,3.6
666,4.4
667,5.3
668,4.6
669,3.7
670,3.6
671,3.9
672,3.4
673,2.5
674,2.8
675,1.8
676,2.1
677,2.2
678,1.3
679,1
680,1.2
681,2.1
682,2.9
683,3.5
684,4.3
685,5
686,5
687,4.2
688,3.5
689,2.8
690,3
691,2.4
692,1.8
693,1.5
694,0.9
695,1.6
696,2
697,2.4
698,2.5
699,2.2
700,2.2
701,2.2
702,1.7
703,1.6
704,1.7
705,2.3
706,3.6
707,4.9
708,5.7
709,5.5
710,5.4
711,4.6
712,3
713,2.4
714,2.5
715,2.7
716,3.6
717,3.2
718,2.2
719,1.1
720,1.8
721,1.8
722,1.4
723,0.3
724,0.8
725,1.1
726,3.3
727,4.8
728,6
729,7.7
730,8
731,8.2
732,8.9
733,9.6
734,9
735,8.6
736,8.3
737,7.8
738,7.9
739,8.1
740,8.2
741,8.6
742,8.3
743,8
744,8.3
745,7.7
746,7.9
747,8.7
748,9.3
749,9.7
750,9.3
751,8.9
752,9.1
753,9.6
754,11
755,12.4
756,13.2
757,13.6
758,13.6
759,12.3
760,11.8
761,10.5
762,9.3
763,9.5
764,9.9
765,11
766,11.6
767,12
768,10.6
769,10
770,9.5
771,9.1
772,8.7
773,8.8
774,7
775,6.4
776,5.8
777,6.7
778,7.8
779,8
780,8
781,8.4
782,8.8
783,8.5
784,7.9
785,7.6
786,7.9
787,6.4
788,5.9
789,5.7
790,5.4
791,5.4
792,5.2
793,5.2
794,5.2
795,5.7
796,5.8
797,5.7
798,5.7
799,5.5
800,5.4
801,5.9
802,6.2
803,6.5
804,6.9
805,6.4
806,6.6
807,6.3
808,5.8
809,6.1
810,6.1
811,5.3
812,6
813,5.4
814,6.1
815,5.9
816,6.2
817,6
818,5.8
819,5
820,4.9
821,4.7
822,4.8
823,4.6
824,4.8
825,4.9
826,4.6
827,4.2
828,2.6
829,2.1
830,2.4
831,2.5
832,3.3
833,3.4
834,3.7
835,3.6
836,3.1
837,3.2
838,3
839,3
840,2.8
841,2.9
842,2.7
843,2.4
844,2.1
845,2
846,2
847,2.3
848,2.1
849,1.6
850,1.4
851,2
852,2
853,2.5
854,2.3
855,2.2
856,1.2
857,0.2
858,-0.4
859,-0.7
860,-0.9
861,-2.3
862,-1.7
863,-1.7
864,-2.5
865,-4.2
866,-4.1
867,-3
868,-2.7
869,-1.9
870,-1.2
871,-1.3
872,-0.7
873,0.1
874,0.5
875,0.7
876,0.9
877,1.1
878,1
879,0.5
880,0.9
881,1
882,0.8
883,0.8
884,1
885,0.9
886,1
887,0.7
888,0.9
889,1
890,1
891,1.2
892,1.6
893,1.9
894,2.7
895,2.8
896,3.3
897,2
898,1.6
899,1.8
900,2.7
901,2.5
902,2.7
903,2
904,2.1
905,1.1
906,-0.1
907,-0.7
908,-1.8
909,-2.5
910,-2.6
911,-3.9
912,-4.1
913,-5.4
914,-4
915,-4.1
916,-6.3
917,-5.4
918,-5.4
919,-6.5
920,-4.8
921,-2.3
922,-0.5
923,1.6
924,3.4
925,4.4
926,5.7
927,5.8
928,5.2
929,3.1
930,0.5
931,-0.6
932,-1.3
933,-1.8
934,-2.2
935,-2.6
936,-3.1
937,-3.6
938,-3.8
939,-4
940,-4.4
941,-5
942,-5.3
943,-5.1
944,-4
945,-1
946,0.5
947,3.2
948,6
949,7.7
950,9.1
951,9.4
952,8.1
953,6.4
954,4.5
955,3.2
956,0.6
957,-0.8
958,-1.3
959,-2
960,-1.2
961,-1.3
962,-0.3
963,1.5
964,2.5
965,7.9
966,8.6
967,8.7
968,10
969,10
970,13.9
971,8.7
972,7.5
973,7.6
974,8
975,8.6
976,8.2
977,6.6
978,5.7
979,6
980,5.8
981,5.4
982,4.6
983,3.9
984,3.9
985,3.1
986,3.2
987,2.5
988,4.8
989,4.4
990,5
991,5.9
992,5.7
993,2.6
994,2.6
995,2.4
996,4.1
997,4.5
998,4.9
999,5
1000,5.1
1001,4.7
1002,3.7
1003,2.5
1004,2
1005,1.9
1006,2.2
1007,2.3
1008,2.8
1009,2.4
1010,2.6
1011,2.7
1012,2.5
1013,2.5
1014,2.2
1015,2
1016,2.3
1017,2.6
1018,4
1019,4.6
1020,4.4
1021,3.1
1022,4.2
1023,3.6
1024,3.5
1025,2.4
1026,1.9
1027,1.8
1028,1.5
1029,1.4
1030,2
1031,2.5
1032,2.6
1033,2.5
1034,2.7
1035,2.2
1036,2
1037,1.8
1038,1.6
1039,1.2
1040,2
1041,3.3
1042,4.4
1043,5.3
1044,6.1
1045,6.1
1046,6.1
1047,5.5
1048,5.2
1049,3.6
1050,1.4
1051,-0.1
1052,-0.7
1053,-0.2
1054,0.3
1055,0.9
1056,1.4
1057,1.3
1058,2.4
1059,2.3
1060,2.4
1061,2.4
1062,2.2
1063,2.1
1064,2.2
1065,3.7
1066,5.9
1067,6.1
1068,6.4
1069,6.2
1070,6.1
1071,6.1
1072,5.9
1073,5.6
1074,5.2
1075,5.1
1076,4.4
1077,4.4
1078,4.7
1079,4.4
1080,3.8
1081,2.9
1082,2.7
1083,2.7
1084,2.7
1085,2.5
1086,2.2
1087,2.2
1088,2.3
1089,2.5
1090,4.4
1091,4.9
1092,6.1
1093,7.1
1094,8.1
1095,8.3
1096,8.1
1097,6.2
1098,4.5
1099,2.8
1100,1.2
1101,1.1
1102,0.1
1103,-1.1
1104,-1.4
1105,-2.3
1106,-2.6
1107,-2.9
1108,-3.3
1109,-2.7
1110,-2.7
1111,-2.5
1112,-2.3
1113,1
1114,5.5
1115,7.5
1116,11.7
1117,12.8
1118,13.3
1119,13.5
1120,11.8
1121,10.9
1122,10.2
1123,7.4
1124,6.1
1125,6.7
1126,5.7
1127,5
1128,4.2
1129,3.1
1130,2.2
1131,3.4
1132,3.1
1133,2.7
1134,3.4
1135,6.5
1136,6.3
1137,7
1138,10.6
1139,11.6
1140,14.3
1141,15.1
1142,15.8
1143,14.6
1144,13.9
1145,12.7
1146,11.6
1147,11.3
1148,9.9
1149,9.9
1150,8.8
1151,8.2
1152,8.6
1153,7.8
1154,7.7
1155,6.9
1156,7
1157,6.7
1158,6.9
1159,6.7
1160,6.5
1161,8.3
1162,9.5
1163,8.9
1164,9.4
1165,9.3
1166,9.5
1167,9.7
1168,8.6
1169,7.5
1170,6.3
1171,4.4
1172,5.2
1173,4.5
1174,4.5
1175,3.4
1176,2.9
1177,1.4
1178,2.2
1179,2.1
1180,-0.2
1181,0.1
1182,0.4
1183,1.1
1184,1.6
1185,2.7
1186,4.3
1187,7.7
1188,9
1189,8.8
1190,8.8
1191,8.9
1192,7.8
1193,7.1
1194,5.5
1195,5.5
1196,4.7
1197,4.3
1198,3.6
1199,3.4
1200,3.4
1201,2.9
1202,2.6
1203,2.6
1204,2.4
1205,1.6
1206,1.6
1207,2.4
1208,2.6
1209,3.4
1210,3.8
1211,4
1212,4.1
1213,4.1
1214,4.6
1215,4.5
1216,4.5
1217,4.5
1218,3.6
1219,1.5
1220,-0.4
1221,-0.9
1222,-1.6
1223,-2.4
1224,-2.2
1225,-3
1226,-2.7
1227,-1.6
1228,-1.1
1229,-0.7
1230,-0.2
1231,1.5
1232,1.5
1233,3.4
1234,3.4
1235,3.7
1236,4.5
1237,4.6
1238,5.5
1239,5.1
1240,5.5
1241,3.4
1242,3.1
1243,2.2
1244,1.8
1245,2.2
1246,1.5
1247,0.8
1248,0.7
1249,-0.1
1250,1.3
1251,1
1252,-1.2
1253,-2
1254,-2.5
1255,-2.5
1256,-0.3
1257,2.7
1258,5.3
1259,7.2
1260,7.2
1261,8
1262,8.5
1263,9.7
1264,9
1265,7.9
1266,7.7
1267,7.2
1268,7.3
1269,8
1270,8.1
1271,7.9
1272,8.3
1273,9.3
1274,9.7
1275,10.3
1276,10.1
1277,9.9
1278,9.6
1279,9.5
1280,5.7
1281,5.6
1282,5.8
1283,5.4
1284,5.3
1285,5.3
1286,5.4
1287,5.5
1288,5.6
1289,6.1
1290,6.5
1291,8
1292,10.3
1293,10.7
1294,11.2
1295,6.9
1296,7.3
1297,7.9
1298,6.6
1299,5
1300,3.7
1301,3.5
1302,1.3
1303,1.7
1304,2.8
1305,3.4
1306,4.1
1307,4.7
1308,5.2
1309,5.2
1310,5.4
1311,5.4
1312,5.9
1313,4.1
1314,3.2
1315,2.1
1316,2.4
1317,2.3
1318,2
1319,2.4
1320,2.7
1321,3.2
1322,3
1323,3.4
1324,5.2
1325,5.2
1326,5.2
1327,5.3
1328,6
1329,6.9
1330,8.2
1331,9.3
1332,9.5
1333,9.6
1334,8.6
1335,8.7
1336,8.9
1337,8.8
1338,8
1339,8
1340,7.5
1341,7.5
1342,7.6
1343,7.3
1344,6.4
1345,6.9
1346,5.3
1347,3.3
1348,2.7
1349,3.3
1350,4.9
1351,5.4
1352,6.1
1353,6.5
1354,6.5
1355,7.4
1356,7.5
1357,7.7
1358,8.3
1359,7.7
1360,4.4
1361,4.5
1362,4.7
1363,4
1364,2.6
1365,1.3
1366,0.8
1367,2
1368,1.9
1369,2.2
1370,2.5
1371,2.4
1372,1.7
1373,1.9
1374,1.3
1375,1.4
1376,1.5
1377,2.7
1378,3.4
1379,4.6
1380,4.5
1381,4.9
1382,3.1
1383,3
1384,3
1385,1
1386,0.9
1387,0.3
1388,-0.6
1389,-1.8
1390,-2
1391,-1.8
1392,-1.5
1393,-1.1
1394,-0.8
1395,-0.3
1396,-0.1
1397,-0.3
1398,0
1399,0.8
1400,1
1401,1.4
1402,2.3
1403,3.1
1404,3.7
1405,3.1
1406,3.4
1407,4.6
1408,3.9
1409,3.3
1410,2.1
1411,0.6
1412,1.2
1413,0.6
1414,0.7
1415,0.4
1416,0.5
1417,0.5
1418,-1.1
1419,-1.7
1420,-1.7
1421,-1.4
1422,-1.1
1423,-1
1424,0.3
1425,3
1426,4.3
1427,6.4
1428,6.9
1429,7.4
1430,8
1431,8
1432,7.2
1433,7
1434,6.5
1435,5.6
1436,4.7
1437,2.8
1438,1.4
1439,1.3
0,4.7
1,4.4
2,4
3,3.5
4,3.2
5,2.5
6,1.8
7,1.9
8,0.9
9,2.8
10,3.1
11,3.2
12,3.4
13,3.5
14,3.5
15,2.6
16,1.1
17,0.7
18,0.3
19,0
20,-0.3
21,0.1
22,-0.6
23,-0.8
24,-1.3
25,-1.3
26,-2.4
27,-2.4
28,-0.7
29,-1
30,-0.8
31,-2.4
32,-3
33,-1.9
34,-0.1
35,1.2
36,3.3
37,4.3
38,4.8
39,3.4
40,2.1
41,-0.4
42,-0.9
43,-2
44,-2.6
45,-3.2
46,-3.6
47,-4
48,-4.6
49,-5.3
50,-5.9
51,-5.6
52,-6
53,-5.9
54,-6
55,-5.7
56,-5.6
57,-3.4
58,-0.5
59,1.5
60,3.3
61,4.6
62,5.7
63,4.9
64,3.5
65,2.8
66,2
67,1.7
68,0.4
69,1.7
70,1.7
71,3.8
72,5.9
73,5.5
74,5.3
75,4.9
76,5.7
77,5.7
78,4.8
79,4.6
80,4.7
81,4.4
82,4.4
83,4.3
84,4.7
85,4.4
86,4.2
87,4.2
88,3
89,2.5
90,1.8
91,1.8
92,2.1
93,1.9
94,1.5
95,1.4
96,1.5
97,1.4
98,1.6
99,2
100,1.8
101,1.6
102,1.5
103,1.4
104,1.1
105,0.9
106,0.9
107,1.4
108,1.8
109,1.7
110,1.4
111,1.5
112,0.7
113,-0.1
114,-0.7
115,-1.1
116,-1.7
117,-2.6
118,-2.5
119,-2.8
120,-4.3
121,-4.3
122,-3.7
123,-3.3
124,-3.5
125,-3.1
126,-3.1
127,-2.9
128,-2.6
129,-1.9
130,-0.9
131,0
132,0.7
133,1.6
134,1.5
135,1.7
136,1.1
137,1.2
138,0.9
139,0.6
140,0.4
141,0
142,-1.1
143,-2.1
144,-3.2
145,-3.9
146,-4.4
147,-5.2
148,-5.7
149,-5.3
150,-6.1
151,-6.2
152,-6.4
153,-4.8
154,-1.8
155,-0.2
156,0.7
157,2.4
158,2.8
159,2.5
160,1
161,-1
162,-0.8
163,0.6
164,0.4
165,0.4
166,0.7
167,0.9
168,0.9
169,0.8
170,1
171,0.9
172,0.6
173,0.3
174,0.2
175,0.2
176,0.4
177,0.9
178,2.3
179,3.8
180,5.3
181,5.8
182,5.4
183,4.7
184,3.3
185,2.6
186,2.5
187,2.4
188,2.7
189,2.1
190,2.2
191,2.3
192,2.8
193,2.9
194,2.9
195,3.3
196,3.2
197,3.2
198,3.2
199,3.3
200,3.2
201,3.3
202,3.7
203,4.7
204,5.3
205,6.2
206,6.4
207,6.2
208,5.8
209,5.3
210,5.1
211,5.1
212,5
213,4.7
214,3.9
215,4.2
216,3.9
217,3
218,2.7
219,2.5
220,1.6
221,0.4
222,0.6
223,1.3
224,1.5
225,1.9
226,2.9
227,3.8
228,5.4
229,6.8
230,7.1
231,6.7
232,6.1
233,5.8
234,5.1
235,5.1
236,5.3
237,5.6
238,5.6
239,5.3
240,5.6
241,6.2
242,6.2
243,6.5
244,5.7
245,3.8
246,4.4
247,4.8
248,4.7
249,4.6
250,4.4
251,4.5
252,4.1
253,4.2
254,4
255,4
256,4
257,3
258,3.2
259,3
260,3
261,3.1
262,2.9
263,2.7
264,2.4
265,2.1
266,2
267,2
268,2
269,2
270,2.1
271,1.6
272,-0.5
273,0.2
274,2.7
275,3.6
276,4.8
277,5.2
278,6.2
279,5.8
280,4.2
281,3
282,1.8
283,1.8
284,2.2
285,2.3
286,3.1
287,2.1
288,1.2
289,1.6
290,0.8
291,0.8
292,0.3
293,1.5
294,2.2
295,3.4
296,3.3
297,3
298,3.9
299,4.7
300,5.3
301,6.1
302,6
303,5.8
304,4.9
305,4.2
306,3.6
307,2.9
308,2.1
309,1.4
310,1
311,2
312,1.3
313,0.7
314,-0.3
315,-1.3
316,-2.6
317,-2.1
318,-3.6
319,-2.9
320,-2
321,-2.7
322,-1.8
323,-0.8
324,0.2
325,1.1
326,1.6
327,0.8
328,0
329,-0.8
330,-1.4
331,-2.7
332,-3.2
333,-3.2
334,-2.8
335,-3
336,-2.8
337,-2.3
338,-1.9
339,-3
340,-2.9
341,-3.3
342,-3.5
343,-3.5
344,-3.5
345,-1.2
346,0.5
347,2.1
348,4.2
349,5.9
350,6
351,6.8
352,4.1
353,1.6
354,0.2
355,-0.6
356,-1.3
357,-1.7
358,-2
359,-2.5
360,-2.9
361,-3.3
362,-3.1
363,-3.7
364,-2.9
365,-3.1
366,-2
367,-1.4
368,-1.1
369,0
370,0.5
371,1.4
372,2
373,2.5
374,3.2
375,3.7
376,2.8
377,1.2
378,0.6
379,0.8
380,0
381,-1.2
382,-1.3
383,-2.1
384,-2.7
385,-3.2
386,-4
387,-4.1
388,-4.4
389,-4.5
390,-2.2
391,-2.3
392,-2.1
393,-1.6
394,-1.2
395,-1.3
396,-0.4
397,0.2
398,0.8
399,0.8
400,0.7
401,0.3
402,-0.1
403,-0.3
404,-0.4
405,-0.7
406,-1
407,-1.3
408,-1.8
409,-2.4
410,-2.4
411,-3
412,-3.3
413,-4.1
414,-3.3
415,-2.4
416,-3
417,-1.4
418,0.4
419,1.9
420,2
421,2
422,1.7
423,1.5
424,1.4
425,1.5
426,1.2
427,0.8
428,0.7
429,0.4
430,0.3
431,0.3
432,0.3
433,0.3
434,0.3
435,0.4
436,0.5
437,0.6
438,0.6
439,0.8
440,1.2
441,1.2
442,1.4
443,2.5
444,3.1
445,3.6
446,3.4
447,3.7
448,3.5
449,3.6
450,3.6
451,3.4
452,3.5
453,3.4
454,3.1
455,2.8
456,2.7
457,2.7
458,2.6
459,2.4
460,2.1
461,2.2
462,2
463,1.6
464,1
465,0.2
466,1.3
467,2.3
468,3.1
469,3.4
470,3.3
471,2.9
472,2.4
473,2.5
474,2.3
475,2.1
476,1.8
477,1.8
478,1.8
479,1.6
480,1.5
481,1.3
482,0.9
483,1.1
484,0.5
485,0.2
486,0.2
487,-1.2
488,-0.9
489,0.5
490,1.5
491,2.7
492,3.5
493,3.9
494,4.4
495,4.2
496,2.8
497,1.6
498,1.2
499,0.6
500,-0.1
501,-0.4
502,-0.3
503,-0.5
504,-0.5
505,-1.7
506,-1.1
507,-1.3
508,-1.3
509,-1.5
510,-1.7
511,-1.5
512,-1.6
513,-0.6
514,2.1
515,1.4
516,1.4
517,0.3
518,-0.3
519,-0.1
520,0.1
521,0.1
522,0.2
523,0.3
524,0.3
525,0.6
526,0.7
527,1
528,0.6
529,0.9
530,0.2
531,-0.9
532,-0.8
533,-0.9
534,-0.6
535,-1
536,-1.2
537,0.4
538,0.7
539,1.1
540,2.5
541,3.2
542,2.9
543,2.9
544,1.9
545,-0.1
546,-0.3
547,-1.3
548,-2
549,-3
550,-3.6
551,-3.6
552,-4.4
553,-5.1
554,-5.2
555,-6
556,-6.6
557,-5.6
558,-6.6
559,-6.1
560,-6.3
561,-4
562,-0.2
563,1
564,2.5
565,3.6
566,4.4
567,4.3
568,2.2
569,0.3
570,-0.7
571,-0.9
572,-0.8
573,-0.9
574,-1.1
575,-1.5
576,-2.8
577,-2.6
578,-3.3
579,-4.7
580,-4.9
581,-4.4
582,-4.5
583,-4.5
584,-4.4
585,-3.2
586,-1.3
587,0
588,1.5
589,2.8
590,3.3
591,2.9
592,1.5
593,0
594,-1.5
595,-2.6
596,-2.3
597,-3.5
598,-2.6
599,-2.5
600,-2.5
601,-2.6
602,-2.6
603,-2.3
604,-2.4
605,-2.5
606,-2.5
607,-2.5
608,-2.5
609,-2.4
610,-2.1
611,-1.4
612,-0.6
613,0.7
614,0.6
615,1.3
616,0.5
617,-0.3
618,-1.1
619,-1.3
620,-1.2
621,-1.6
622,-2.1
623,-2.1
624,-2.5
625,-2.5
626,-3.2
627,-2.9
628,-4.4
629,-3.8
630,-3.8
631,-3.3
632,-3.3
633,-1.8
634,-0.5
635,1
636,2.9
637,3.7
638,4.2
639,4.2
640,3.4
641,2.1
642,0.5
643,-0.5
644,-1.4
645,-2.2
646,-2.2
647,-2.8
648,-3.4
649,-3.1
650,-3.9
651,-4.2
652,-4.2
653,-3.7
654,-3.4
655,-2.4
656,-0.9
657,0.3
658,1.2
659,1.6
660,2.8
661,3.8
662,4.6
663,4.9
664,4.1
665,3.6
666,4.4
667,5.3
668,4.6
669,3.7
670,3.6
671,3.9
672,3.4
673,2.5
674,2.8
675,1.8
676,2.1
677,2.2
678,1.3
679,1
680,1.2
681,2.1
682,2.9
683,3.5
684,4.3
685,5
686,5
687,4.2
688,3.5
689,2.8
690,3
691,2.4
692,1.8
693,1.5
694,0.9
695,1.6
696,2
697,2.4
698,2.5
699,2.2
700,2.2
701,2.2
702,1.7
703,1.6
704,1.7
705,2.3
706,3.6
707,4.9
708,5.7
709,5.5
710,5.4
711,4.6
712,3
713,2.4
714,2.5
715,2.7
716,3.6
717,3.2
718,2.2
719,1.1
720,1.8
721,1.8
722,1.4
723,0.3
724,0.8
725,1.1
726,3.3
727,4.8
728,6
729,7.7
730,8
731,8.2
732,8.9
733,9.6
734,9
735,8.6
736,8.3
737,7.8
738,7.9
739,8.1
740,8.2
741,8.6
742,8.3
743,8
744,8.3
745,7.7
746,7.9
747,8.7
748,9.3
749,9.7
750,9.3
751,8.9
752,9.1
753,9.6
754,11
755,12.4
756,13.2
757,13.6
758,13.6
759,12.3
760,11.8
761,10.5
762,9.3
763,9.5
764,9.9
765,11
766,11.6
767,12
768,10.6
769,10
770,9.5
771,9.1
772,8.7
773,8.8
774,7
775,6.4
776,5.8
777,6.7
778,7.8
779,8
780,8
781,8.4
782,8.8
783,8.5
784,7.9
785,7.6
786,7.9
787,6.4
788,5.9
789,5.7
790,5.4
791,5.4
792,5.2
793,5.2
794,5.2
795,5.7
796,5.8
797,5.7
798,5.7
799,5.5
800,5.4
801,5.9
802,6.2
803,6.5
804,6.9
805,6.4
806,6.6
807,6.3
808,5.8
809,6.1
810,6.1
811,5.3
812,6
813,5.4
814,6.1
815,5.9
816,6.2
817,6
818,5.8
819,5
820,4.9
821,4.7
822,4.8
823,4.6
824,4.8
825,4.9
826,4.6
827,4.2
828,2.6
829,2.1
830,2.4
831,2.5
832,3.3
833,3.4
834,3.7
835,3.6
836,3.1
837,3.2
838,3
839,3
840,2.8
841,2.9
842,2.7
843,2.4
844,2.1
845,2
846,2
847,2.3
848,2.1
849,1.6
850,1.4
851,2
852,2
853,2.5
854,2.3
855,2.2
856,1.2
857,0.2
858,-0.4
859,-0.7
860,-0.9
861,-2.3
862,-1.7
863,-1.7
864,-2.5
865,-4.2
866,-4.1
867,-3
868,-2.7
869,-1.9
870,-1.2
871,-1.3
872,-0.7
873,0.1
874,0.5
875,0.7
876,0.9
877,1.1
878,1
879,0.5
880,0.9
881,1
882,0.8
883,0.8
884,1
885,0.9
886,1
887,0.7
888,0.9
889,1
890,1
891,1.2
892,1.6
893,1.9
894,2.7
895,2.8
896,3.3
897,2
898,1.6
899,1.8
900,2.7
901,2.5
902,2.7
903,2
904,2.1
905,1.1
906,-0.1
907,-0.7
908,-1.8
909,-2.5
910,-2.6
911,-3.9
912,-4.1
913,-5.4
914,-4
915,-4.1
916,-6.3
917,-5.4
918,-5.4
919,-6.5
920,-4.8
921,-2.3
922,-0.5
923,1.6
924,3.4
925,4.4
926,5.7
927,5.8
928,5.2
929,3.1
930,0.5
931,-0.6
932,-1.3
933,-1.8
934,-2.2
935,-2.6
936,-3.1
937,-3.6
938,-3.8
939,-4
940,-4.4
941,-5
942,-5.3
943,-5.1
944,-4
945,-1
946,0.5
947,3.2
948,6
949,7.7
950,9.1
951,9.4
952,8.1
953,6.4
954,4.5
955,3.2
956,0.6
957,-0.8
958,-1.3
959,-2
960,-1.2
961,-1.3
962,-0.3
963,1.5
964,2.5
965,7.9
966,8.6
967,8.7
968,10
969,10
970,13.9
971,8.7
972,7.5
973,7.6
974,8
975,8.6
976,8.2
977,6.6
978,5.7
979,6
980,5.8
981,5.4
982,4.6
983,3.9
984,3.9
985,3.1
986,3.2
987,2.5
988,4.8
989,4.4
990,5
991,5.9
992,5.7
993,2.6
994,2.6
995,2.4
996,4.1
997,4.5
998,4.9
999,5
1000,5.1
1001,4.7
1002,3.7
1003,2.5
1004,2
1005,1.9
1006,2.2
1007,2.3
1008,2.8
1009,2.4
1010,2.6
1011,2.7
1012,2.5
1013,2.5
1014,2.2
1015,2
1016,2.3
1017,2.6
1018,4
1019,4.6
1020,4.4
1021,3.1
1022,4.2
1023,3.6
1024,3.5
1025,2.4
1026,1.9
1027,1.8
1028,1.5
1029,1.4
1030,2
1031,2.5
1032,2.6
1033,2.5
1034,2.7
1035,2.2
1036,2
1037,1.8
1038,1.6
1039,1.2
1040,2
1041,3.3
1042,4.4
1043,5.3
1044,6.1
1045,6.1
1046,6.1
1047,5.5
1048,5.2
1049,3.6
1050,1.4
1051,-0.1
1052,-0.7
1053,-0.2
1054,0.3
1055,0.9
1056,1.4
1057,1.3
1058,2.4
1059,2.3
1060,2.4
1061,2.4
1062,2.2
1063,2.1
1064,2.2
1065,3.7
1066,5.9
1067,6.1
1068,6.4
1069,6.2
1070,6.1
1071,6.1
1072,5.9
1073,5.6
1074,5.2
1075,5.1
1076,4.4
1077,4.4
1078,4.7
1079,4.4
1080,3.8
1081,2.9
1082,2.7
1083,2.7
1084,2.7
1085,2.5
1086,2.2
1087,2.2
1088,2.3
1089,2.5
1090,4.4
1091,4.9
1092,6.1
1093,7.1
1094,8.1
1095,8.3
1096,8.1
1097,6.2
1098,4.5
1099,2.8
1100,1.2
1101,1.1
1102,0.1
1103,-1.1
1104,-1.4
1105,-2.3
1106,-2.6
1107,-2.9
1108,-3.3
1109,-2.7
1110,-2.7
1111,-2.5
1112,-2.3
1113,1
1114,5.5
1115,7.5
1116,11.7
1117,12.8
1118,13.3
1119,13.5
1120,11.8
1121,10.9
1122,10.2
1123,7.4
1124,6.1
1125,6.7
1126,5.7
1127,5
1128,4.2
1129,3.1
1130,2.2
1131,3.4
1132,3.1
1133,2.7
1134,3.4
1135,6.5
1136,6.3
1137,7
1138,10.6
1139,11.6
1140,14.3
1141,15.1
1142,15.8
1143,14.6
1144,13.9
1145,12.7
1146,11.6
1147,11.3
1148,9.9
1149,9.9
1150,8.8
1151,8.2
1152,8.6
1153,7.8
1154,7.7
1155,6.9
1156,7
1157,6.7
1158,6.9
1159,6.7
1160,6.5
1161,8.3
1162,9.5
1163,8.9
1164,9.4
1165,9.3
1166,9.5
1167,9.7
1168,8.6
1169,7.5
1170,6.3
1171,4.4
1172,5.2
1173,4.5
1174,4.5
1175,3.4
1176,2.9
1177,1.4
1178,2.2
1179,2.1
1180,-0.2
1181,0.1
1182,0.4
1183,1.1
1184,1.6
1185,2.7
1186,4.3
1187,7.7
1188,9
1189,8.8
1190,8.8
1191,8.9
1192,7.8
1193,7.1
1194,5.5
1195,5.5
1196,4.7
1197,4.3
1198,3.6
1199,3.4
1200,3.4
1201,2.9
1202,2.6
1203,2.6
1204,2.4
1205,1.6
1206,1.6
1207,2.4
1208,2.6
1209,3.4
1210,3.8
1211,4
1212,4.1
1213,4.1
1214,4.6
1215,4.5
1216,4.5
1217,4.5
1218,3.6
1219,1.5
1220,-0.4
1221,-0.9
1222,-1.6
1223,-2.4
1224,-2.2
1225,-3
1226,-2.7
1227,-1.6
1228,-1.1
1229,-0.7
1230,-0.2
1231,1.5
1232,1.5
1233,3.4
1234,3.4
1235,3.7
1236,4.5
1237,4.6
1238,5.5
1239,5.1
1240,5.5
1241,3.4
1242,3.1
1243,2.2
1244,1.8
1245,2.2
1246,1.5
1247,0.8
1248,0.7
1249,-0.1
1250,1.3
1251,1
1252,-1.2
1253,-2
1254,-2.5
1255,-2.5
1256,-0.3
1257,2.7
1258,5.3
1259,7.2
1260,7.2
1261,8
1262,8.5
1263,9.7
1264,9
1265,7.9
1266,7.7
1267,7.2
1268,7.3
1269,8
1270,8.1
1271,7.9
1272,8.3
1273,9.3
1274,9.7
1275,10.3
1276,10.1
1277,9.9
1278,9.6
1279,9.5
1280,5.7
1281,5.6
1282,5.8
1283,5.4
1284,5.3
1285,5.3
1286,5.4
1287,5.5
1288,5.6
1289,6.1
1290,6.5
1291,8
1292,10.3
1293,10.7
1294,11.2
1295,6.9
1296,7.3
1297,7.9
1298,6.6
1299,5
1300,3.7
1301,3.5
1302,1.3
1303,1.7
1304,2.8
1305,3.4
1306,4.1
1307,4.7
1308,5.2
1309,5.2
1310,5.4
1311,5.4
1312,5.9
1313,4.1
1314,3.2
1315,2.1
1316,2.4
1317,2.3
1318,2
1319,2.4
1320,2.7
1321,3.2
1322,3
1323,3.4
1324,5.2
1325,5.2
1326,5.2
1327,5.3
1328,6
1329,6.9
1330,8.2
1331,9.3
1332,9.5
1333,9.6
1334,8.6
1335,8.7
1336,8.9
1337,8.8
1338,8
1339,8
1340,7.5
1341,7.5
1342,7.6
1343,7.3
1344,6.4
1345,6.9
1346,5.3
1347,3.3
1348,2.7
1349,3.3
1350,4.9
1351,5.4
1352,6.1
1353,6.5
1354,6.5
1355,7.4
1356,7.5
1357,7.7
1358,8.3
1359,7.7
1360,4.4
1361,4.5
1362,4.7
1363,4
1364,2.6
1365,1.3
1366,0.8
1367,2
1368,1.9
1369,2.2
1370,2.5
1371,2.4
1372,1.7
1373,1.9
1374,1.3
1375,1.4
1376,1.5
1377,2.7
1378,3.4
1379,4.6
1380,4.5
1381,4.9
1382,3.1
1383,3
1384,3
1385,1
1386,0.9
1387,0.3
1388,-0.6
1389,-1.8
1390,-2
1391,-1.8
1392,-1.5
1393,-1.1
1394,-0.8
1395,-0.3
1396,-0.1
1397,-0.3
1398,0
1399,0.8
1400,1
1401,1.4
1402,2.3
1403,3.1
1404,3.7
1405,3.1
1406,3.4
1407,4.6
1408,3.9
1409,3.3
1410,2.1
1411,0.6
1412,1.2
1413,0.6
1414,0.7
1415,0.4
1416,0.5
1417,0.5
1418,-1.1
1419,-1.7
1420,-1.7
1421,-1.4
1422,-1.1
1423,-1
1424,0.3
1425,3
1426,4.3
1427,6.4
1428,6.9
1429,7.4
1430,8
1431,8
1432,7.2
1433,7
1434,6.5
1435,5.6
1436,4.7
1437,2.8
1438,1.4
1439,1.3
0,5.2
1,5.2
2,5.2
3,5.7
4,5.8
5,5.7
6,5.7
7,5.5
8,5.4
9,5.9
10,6.2
11,6.5
12,6.9
13,6.4
14,6.6
15,6.3
16,5.8
17,6.1
18,6.1
19,5.3
20,6
21,5.4
22,6.1
23,5.9
24,6.2
25,6
26,5.8
27,5
28,4.9
29,4.7
30,4.8
31,4.6
32,4.8
33,4.9
34,4.6
35,4.2
36,2.6
37,2.1
38,2.4
39,2.5
40,3.3
41,3.4
42,3.7
43,3.6
44,3.1
45,3.2
46,3
47,3
48,2.8
49,2.9
50,2.7
51,2.4
52,2.1
53,2
54,2
55,2.3
56,2.1
57,1.6
58,1.4
59,2
60,2
61,2.5
62,2.3
63,2.2
64,1.2
65,0.2
66,-0.4
67,-0.7
68,-0.9
69,-2.3
70,-1.7
71,-1.7
72,-2.5
73,-4.2
74,-4.1
75,-3
76,-2.7
77,-1.9
78,-1.2
79,-1.3
80,-0.7
81,0.1
82,0.5
83,0.7
84,0.9
85,1.1
86,1
87,0.5
88,0.9
89,1
90,0.8
91,0.8
92,1
93,0.9
94,1
95,0.7
96,0.9
97,1
98,1
99,1.2
100,1.6
101,1.9
102,2.7
103,2.8
104,3.3
105,2
106,1.6
107,1.8
108,2.7
109,2.5
110,2.7
111,2
112,2.1
113,1.1
114,-0.1
115,-0.7
116,-1.8
117,-2.5
118,-2.6
119,-3.9
120,-4.1
121,-5.4
122,-4
123,-4.1
124,-6.3
125,-5.4
126,-5.4
127,-6.5
128,-4.8
129,-2.3
130,-0.5
131,1.6
132,3.4
133,4.4
134,5.7
135,5.8
136,5.2
137,3.1
138,0.5
139,-0.6
140,-1.3
141,-1.8
142,-2.2
143,-2.6
144,-3.1
145,-3.6
146,-3.8
147,-4
148,-4.4
149,-5
150,-5.3
151,-5.1
152,-4
153,-1
154,0.5
155,3.2
156,6
157,7.7
158,9.1
159,9.4
160,8.1
161,6.4
162,4.5
163,3.2
164,0.6
165,-0.8
166,-1.3
167,-2
168,-1.2
169,-1.3
170,-0.3
171,1.5
172,2.5
173,7.9
174,8.6
175,8.7
176,10
177,10
178,13.9
179,8.7
180,7.5
181,7.6
182,8
183,8.6
184,8.2
185,6.6
186,5.7
187,6
188,5.8
189,5.4
190,4.6
191,3.9
192,3.9
193,3.1
194,3.2
195,2.5
196,4.8
197,4.4
198,5
199,5.9
200,5.7
201,2.6
202,2.6
203,2.4
204,4.1
205,4.5
206,4.9
207,5
208,5.1
209,4.7
210,3.7
211,2.5
212,2
213,1.9
214,2.2
215,2.3
216,2.8
217,2.4
218,2.6
219,2.7
220,2.5
221,2.5
222,2.2
223,2
224,2.3
225,2.6
226,4
227,4.6
228,4.4
229,3.1
230,4.2
231,3.6
232,3.5
233,2.4
234,1.9
235,1.8
236,1.5
237,1.4
238,2
239,2.5
240,2.6
241,2.5
242,2.7
243,2.2
244,2
245,1.8
246,1.6
247,1.2
248,2
249,3.3
250,4.4
251,5.3
252,6.1
253,6.1
254,6.1
255,5.5
256,5.2
257,3.6
258,1.4
259,-0.1
260,-0.7
261,-0.2
262,0.3
263,0.9
264,1.4
265,1.3
266,2.4
267,2.3
268,2.4
269,2.4
270,2.2
271,2.1
272,2.2
273,3.7
274,5.9
275,6.1
276,6.4
277,6.2
278,6.1
279,6.1
280,5.9
281,5.6
282,5.2
283,5.1
284,4.4
285,4.4
286,4.7
287,4.4
288,3.8
289,2.9
290,2.7
291,2.7
292,2.7
293,2.5
294,2.2
295,2.2
296,2.3
297,2.5
298,4.4
299,4.9
300,6.1
301,7.1
302,8.1
303,8.3
304,8.1
305,6.2
306,4.5
307,2.8
308,1.2
309,1.1
310,0.1
311,-1.1
312,-1.4
313,-2.3
314,-2.6
315,-2.9
316,-3.3
317,-2.7
318,-2.7
319,-2.5
320,-2.3
321,1
322,5.5
323,7.5
324,11.7
325,12.8
326,13.3
327,13.5
328,11.8
329,10.9
330,10.2
331,7.4
332,6.1
333,6.7
334,5.7
335,5
336,4.2
337,3.1
338,2.2
339,3.4
340,3.1
341,2.7
342,3.4
343,6.5
344,6.3
345,7
346,10.6
347,11.6
348,14.3
349,15.1
350,15.8
351,14.6
352,13.9
353,12.7
354,11.6
355,11.3
356,9.9
357,9.9
358,8.8
359,8.2
360,8.6
361,7.8
362,7.7
363,6.9
364,7
365,6.7
366,6.9
367,6.7
368,6.5
369,8.3
370,9.5
371,8.9
372,9.4
373,9.3
374,9.5
375,9.7
376,8.6
377,7.5
378,6.3
379,4.4
380,5.2
381,4.5
382,4.5
383,3.4
384,2.9
385,1.4
386,2.2
387,2.1
388,-0.2
389,0.1
390,0.4
391,1.1
392,1.6
393,2.7
394,4.3
395,7.7
396,9
397,8.8
398,8.8
399,8.9
400,7.8
401,7.1
402,5.5
403,5.5
404,4.7
405,4.3
406,3.6
407,3.4
408,3.4
409,2.9
410,2.6
411,2.6
412,2.4
413,1.6
414,1.6
415,2.4
416,2.6
417,3.4
418,3.8
419,4
420,4.1
421,4.1
422,4.6
423,4.5
424,4.5
425,4.5
426,3.6
427,1.5
428,-0.4
429,-0.9
430,-1.6
431,-2.4
432,-2.2
433,-3
434,-2.7
435,-1.6
436,-1.1
437,-0.7
438,-0.2
439,1.5
440,1.5
441,3.4
442,3.4
443,3.7
444,4.5
445,4.6
446,5.5
447,5.1
448,5.5
449,3.4
450,3.1
451,2.2
452,1.8
453,2.2
454,1.5
455,0.8
456,0.7
457,-0.1
458,1.3
459,1
460,-1.2
461,-2
462,-2.5
463,-2.5
464,-0.3
465,2.7
466,5.3
467,7.2
468,7.2
469,8
470,8.5
471,9.7
472,9
473,7.9
474,7.7
475,7.2
476,7.3
477,8
478,8.1
479,7.9
480,8.3
481,9.3
482,9.7
483,10.3
484,10.1
485,9.9
486,9.6
487,9.5
488,5.7
489,5.6
490,5.8
491,5.4
492,5.3
493,5.3
494,5.4
495,5.5
496,5.6
497,6.1
498,6.5
499,8
500,10.3
501,10.7
502,11.2
503,6.9
504,7.3
505,7.9
506,6.6
507,5
508,3.7
509,3.5
510,1.3
511,1.7
512,2.8
513,3.4
514,4.1
515,4.7
516,5.2
517,5.2
518,5.4
519,5.4
520,5.9
521,4.1
522,3.2
523,2.1
524,2.4
525,2.3
526,2
527,2.4
528,2.7
529,3.2
530,3
531,3.4
532,5.2
533,5.2
534,5.2
535,5.3
536,6
537,6.9
538,8.2
539,9.3
540,9.5
541,9.6
542,8.6
543,8.7
544,8.9
545,8.8
546,8
547,8
548,7.5
549,7.5
550,7.6
551,7.3
552,6.4
553,6.9
554,5.3
555,3.3
556,2.7
557,3.3
558,4.9
559,5.4
560,6.1
561,6.5
562,6.5
563,7.4
564,7.5
565,7.7
566,8.3
567,7.7
568,4.4
569,4.5
570,4.7
571,4
572,2.6
573,1.3
574,0.8
575,2
576,1.9
577,2.2
578,2.5
579,2.4
580,1.7
581,1.9
582,1.3
583,1.4
584,1.5
585,2.7
586,3.4
587,4.6
588,4.5
589,4.9
590,3.1
591,3
592,3
593,1
594,0.9
595,0.3
596,-0.6
597,-1.8
598,-2
599,-1.8
600,-1.5
601,-1.1
602,-0.8
603,-0.3
604,-0.1
605,-0.3
606,0
607,0.8
608,1
609,1.4
610,2.3
611,3.1
612,3.7
613,3.1
614,3.4
615,4.6
616,3.9
617,3.3
618,2.1
619,0.6
620,1.2
621,0.6
622,0.7
623,0.4
624,0.5
625,0.5
626,-1.1
627,-1.7
628,-1.7
629,-1.4
630,-1.1
631,-1
632,0.3
633,3
634,4.3
635,6.4
636,6.9
637,7.4
638,8
639,8
640,7.2
641,7
642,6.5
643,5.6
644,4.7
645,2.8
646,1.4
647,1.3
648,1
649,1.6
650,1.4
651,2.1
652,5.8
653,5.8
654,4.8
655,5
656,5
657,6.1
658,7.6
659,8.2
660,10.4
661,10.4
662,10.6
663,10.2
664,10.1
665,9.1
666,8.5
667,8
668,5.4
669,4.1
670,4
671,2.6
672,3.8
673,2.4
674,2.8
675,3.9
676,3.9
677,4
678,4.6
679,5.2
680,5.4
681,6.1
682,6.3
683,6.2
684,6.4
685,7.4
686,8
687,8.2
688,8.3
689,7.7
690,6.4
691,4.1
692,2.4
693,0.9
694,1.5
695,1.9
696,1.6
697,2.4
698,3.2
699,3.3
700,3.1
701,4.1
702,3.7
703,4.1
704,4.9
705,5.7
706,6.9
707,8.8
708,10.7
709,10.3
710,10.9
711,11.3
712,12.6
713,11.9
714,9
715,8
716,7.9
717,7.3
718,7.2
719,6.2
720,6
721,5.7
722,4.5
723,3.8
724,4.3
725,4.3
726,4.3
727,4.4
728,4.2
729,4.7
730,5.3
731,5.6
732,6.2
733,6.3
734,6.2
735,4.8
736,5.1
737,5
738,4.3
739,3.2
740,3.2
741,2.8
742,1.3
743,0.4
744,-0.4
745,-1.2
746,-2
747,-1.9
748,-2.7
749,-3
750,-3
751,-2.8
752,-0.2
753,2.8
754,4.8
755,6.9
756,7.8
757,9.2
758,8.6
759,9.8
760,9.5
761,8.3
762,6.7
763,6.3
764,3.9
765,2.3
766,1.2
767,-0.4
768,-1.1
769,-1.8
770,-1.7
771,-1.7
772,-0.7
773,-0.1
774,0.6
775,1
776,1
777,1.7
778,3.3
779,4.8
780,6.2
781,7.3
782,8.5
783,9.1
784,8.9
785,7.9
786,7.6
787,7
788,6.8
789,6.4
790,6.4
791,5.6
792,5.1
793,4.9
794,5.5
795,4.4
796,2.5
797,2.9
798,1.9
799,2.9
800,5.4
801,6.7
802,7.1
803,7.4
804,7.9
805,7.8
806,6.9
807,6.6
808,5.5
809,5.3
810,4.7
811,4.3
812,4
813,4.3
814,3.9
815,3.5
816,3.6
817,3.6
818,3.5
819,3.5
820,3.4
821,3.3
822,3.1
823,3.1
824,3.6
825,4.2
826,5.1
827,5.8
828,5.7
829,5.7
830,5.6
831,5.2
832,5.5
833,5.5
834,5.1
835,2.8
836,0.8
837,-0.2
838,-1.3
839,-1.9
840,-1.7
841,-2.3
842,-2.4
843,-2.8
844,-3.3
845,-3.5
846,-3.5
847,-2.9
848,-0.2
849,2.8
850,5.4
851,7.6
852,8.8
853,9.7
854,10.3
855,10.5
856,10.5
857,8.6
858,6.6
859,4.6
860,2.9
861,2.3
862,1.4
863,0.4
864,0.2
865,-0.2
866,-1.3
867,-1.5
868,0.3
869,1
870,2.1
871,3.1
872,3.5
873,4.7
874,7.6
875,9.4
876,10.5
877,11.6
878,12.1
879,12
880,11.7
881,9.7
882,8.6
883,6.9
884,5.9
885,6.1
886,5.5
887,5.7
888,6.1
889,6.8
890,6.9
891,6.5
892,7.1
893,7.2
894,7.5
895,9
896,9.9
897,9.5
898,9.7
899,9.2
900,9.5
901,10.1
902,10.7
903,12.1
904,12.4
905,11.4
906,10
907,8.7
908,8.2
909,7.7
910,7.5
911,7.1
912,6.8
913,5.9
914,5.1
915,4.9
916,5.9
917,6.6
918,6.6
919,7.2
920,9.3
921,14.6
922,14.4
923,15.5
924,16
925,16.1
926,16.7
927,16.8
928,16.2
929,16.3
930,14.8
931,13.9
932,11.2
933,9.5
934,6.7
935,6.4
936,6.3
937,6
938,5.8
939,5
940,4.8
941,3.9
942,4.2
943,5.3
944,7.4
945,7.1
946,8.3
947,7.2
948,8.5
949,8.9
950,10.2
951,10.4
952,10.5
953,9
954,7.1
955,6.9
956,5.2
957,6.6
958,6.8
959,6.4
960,5.8
961,6.3
962,6.3
963,6
964,4.8
965,4.1
966,3.5
967,3.8
968,2.7
969,3.6
970,4.1
971,4
972,4.2
973,5.3
974,5.5
975,5.7
976,5.3
977,4.1
978,2.7
979,1.9
980,0.1
981,-1.2
982,-0.4
983,-1.8
984,-1.5
985,-2
986,-4.2
987,-4.2
988,-4.7
989,-5.7
990,-5.8
991,-3.9
992,-1
993,1.5
994,2.4
995,3.6
996,5.3
997,6.2
998,7.4
999,8.2
1000,8.2
1001,7
1002,3.8
1003,2.7
1004,1.6
1005,0.1
1006,-1.7
1007,-1.3
1008,-2.2
1009,-3.9
1010,-4
1011,-5.1
1012,-5
1013,-5.6
1014,-6.1
1015,-3.7
1016,1.1
1017,5
1018,8.9
1019,10.7
1020,12.1
1021,12.2
1022,12.2
1023,12.5
1024,12.8
1025,11.5
1026,9.4
1027,6.4
1028,3.5
1029,4.1
1030,2.4
1031,1.7
1032,1.3
1033,2.7
1034,3.5
1035,0.6
1036,0.2
1037,-0.8
1038,-1.3
1039,0.2
1040,4.5
1041,9
1042,12.1
1043,13.7
1044,14.7
1045,15.7
1046,16.1
1047,16.7
1048,16.5
1049,15.1
1050,11.9
1051,9.5
1052,7.5
1053,6.5
1054,5.3
1055,4
1056,4.4
1057,4.8
1058,5.3
1059,5.6
1060,4.4
1061,5.8
1062,3.8
1063,5.1
1064,8.2
1065,10.2
1066,12.2
1067,14.3
1068,16
1069,17.3
1070,17.8
1071,17.8
1072,17.6
1073,16.4
1074,14.8
1075,11.1
1076,9.5
1077,8.3
1078,7
1079,5.4
1080,5
1081,4.2
1082,3.7
1083,3.1
1084,2.2
1085,2.3
1086,2.1
1087,3
1088,7.2
1089,11.7
1090,15.1
1091,16.7
1092,18.1
1093,18.7
1094,18.6
1095,18.3
1096,17.8
1097,17
1098,15.3
1099,13.3
1100,12.7
1101,11.8
1102,10.9
1103,10
1104,10
1105,10
1106,10.2
1107,10
1108,9.5
1109,8.9
1110,8.6
1111,8.8
1112,9.2
1113,10.4
1114,11.3
1115,12.3
1116,13.6
1117,14.1
1118,14.5
1119,14.5
1120,14.4
1121,13.4
1122,11.6
1123,10.3
1124,8.4
1125,8.9
1126,9.1
1127,9
1128,8.7
1129,7.9
1130,5.1
1131,3.7
1132,3.1
1133,2.8
1134,2.8
1135,2.5
1136,2.2
1137,3.2
1138,3.7
1139,4.5
1140,4
1141,3.5
1142,3.3
1143,3.8
1144,4.3
1145,4.5
1146,3.8
1147,3.3
1148,2.8
1149,2.5
1150,1.8
1151,1.3
1152,0.8
1153,0.1
1154,-0.8
1155,-1.6
1156,-2.1
1157,-2.4
1158,-2.5
1159,-1.7
1160,-1.3
1161,-1
1162,0.2
1163,0.6
1164,0.5
1165,0.5
1166,1.2
1167,0.9
1168,1.8
1169,-0.4
1170,-1.3
1171,-1.3
1172,-1.1
1173,-0.8
1174,-0.9
1175,-1
1176,-1.4
1177,-2
1178,-2.2
1179,-2.4
1180,-2.6
1181,-2.7
1182,-2.9
1183,-2.6
1184,-2
1185,-0.5
1186,1.4
1187,2.3
1188,2.1
1189,3
1190,2.6
1191,2.1
1192,2.7
1193,2
1194,1.1
1195,0
1196,-0.3
1197,-0.3
1198,-0.8
1199,-1.4
1200,-1.5
1201,-2.1
1202,-3.2
1203,-4.2
1204,-4.3
1205,-4.9
1206,-4.6
1207,-3
1208,-1.4
1209,0.4
1210,1.3
1211,2
1212,2.8
1213,3.6
1214,4.4
1215,4.2
1216,4.1
1217,3.5
1218,2.3
1219,0.4
1220,0.1
1221,-0.4
1222,-1.2
1223,-1.6
1224,-2.4
1225,-2.3
1226,-2.4
1227,-3.1
1228,-3.4
1229,-3.9
1230,-4
1231,-2
1232,-0.2
1233,1.7
1234,2.7
1235,3.4
1236,4.5
1237,5.5
1238,6.5
1239,6.5
1240,6.2
1241,5.4
1242,4.3
1243,3.4
1244,3.2
1245,1.1
1246,1
1247,0.7
1248,-0.8
1249,-1.2
1250,-0.7
1251,-0.7
1252,-0.4
1253,-0.8
1254,-0.8
1255,0.2
1256,1.6
1257,3
1258,5.6
1259,7.5
1260,8.9
1261,10
1262,10.5
1263,11.5
1264,11.9
1265,11.4
1266,10
1267,8.9
1268,7.2
1269,6.1
1270,5.3
1271,4.6
1272,3.4
1273,3.1
1274,1.7
1275,1.2
1276,1.1
1277,0.1
1278,-0.3
1279,2.1
1280,4.7
1281,7.8
1282,10.9
1283,13.4
1284,15.3
1285,15.5
1286,16.1
1287,16.2
1288,15.6
1289,14.4
1290,12.5
1291,10
1292,8.2
1293,7.4
1294,6
1295,4.5
1296,3.5
1297,3.2
1298,2.1
1299,0.5
1300,0.6
1301,-0.5
1302,-1.2
1303,0.9
1304,5.6
1305,7.7
1306,9.9
1307,11.3
1308,13.4
1309,14.8
1310,16
1311,16.4
1312,16.1
1313,15.4
1314,13.7
1315,10.2
1316,8.1
1317,7.4
1318,5.9
1319,4.3
1320,3.4
1321,2.6
1322,1.6
1323,0.7
1324,1.8
1325,3.1
1326,2.9
1327,5.1
1328,5.4
1329,6.1
1330,7.1
1331,8.6
1332,10.6
1333,12.1
1334,10.8
1335,11
1336,10.5
1337,9.3
1338,8.5
1339,7.1
1340,5.8
1341,3.8
1342,2.5
1343,1.6
1344,1
1345,0.3
1346,0
1347,-0.6
1348,-1
1349,-1.5
1350,-1.4
1351,-1.4
1352,-0.9
1353,-0.2
1354,1.4
1355,0.9
1356,1.3
1357,2.7
1358,2.3
1359,2
1360,2.6
1361,2
1362,1.7
1363,-0.4
1364,-1.3
1365,-1.6
1366,-2.7
1367,-2.1
1368,-3.1
1369,-4.1
1370,-2.6
1371,-3.8
1372,-4.6
1373,-5.2
1374,-5.1
1375,-2.3
1376,0.5
1377,2.2
1378,4.1
1379,3.5
1380,4.3
1381,4.4
1382,5.6
1383,3.2
1384,3
1385,1.8
1386,1.2
1387,0
1388,-0.2
1389,-0.4
1390,-0.8
1391,-0.5
1392,-1.2
1393,-2.1
1394,-2.9
1395,-3.4
1396,-4.5
1397,-4.9
1398,-5.3
1399,-3.2
1400,-0.2
1401,2
1402,3.4
1403,4.2
1404,5.2
1405,5.9
1406,6.7
1407,7
1408,7.3
1409,6.7
1410,5.3
1411,4.1
1412,1.5
1413,-0.5
1414,-1.1
1415,-2
1416,-2.9
1417,-3.1
1418,-3.5
1419,-4.1
1420,-4.6
1421,-4.9
1422,-4.3
1423,-0.4
1424,3.1
1425,7
1426,8.3
1427,9.4
1428,9.8
1429,10.9
1430,11.5
1431,11.9
1432,11.9
1433,11.3
1434,8.9
1435,6.6
1436,4.7
1437,4.3
1438,2.8
1439,2.7
